{"attr":[{"isAnimated":false,"attributes":{"d":"M570.0000059814454 416.2052993774414H599.6640059814454V370.1742993774414H570.0000059814454V416.2052993774414ZM605.7600059814454 198.9999993774414L688.6580059814453 239.7528993774414L629.3290059814453 286.7502993774414L605.7600059814454 198.9999993774414Z ","fill":"#fbc02d","data-tool":"true","type-tool":"path"},"origin":{"x":629.3290100097656,"y":307.60264587402344,"svgRect":{"x":406,"y":135,"width":1100,"height":644,"top":135,"right":1506,"bottom":779,"left":406}}},{"isAnimated":false,"attributes":{"d":"M462.95972099714277 331.981L389.99999999714277 401.656H449.3289209971428L487.53672099714277 362.131C505.42442099714276 377.22900000000004 528.2664209971429 386.313 553.1544209971428 386.313C610.4964209971428 386.313 656.9804209971428 338.226 656.9804209971428 278.907C656.9804209971428 230.252 625.6994209971429 184.0675 582.8194209971427 169V217.5321L462.95972099714277 331.981Z ","fill":"#916df9","data-tool":"true","type-tool":"path"},"origin":{"x":523.4902038574219,"y":285.3280029296875,"svgRect":{"x":406,"y":135,"width":1100,"height":644,"top":135,"right":1506,"bottom":779,"left":406}}},{"isAnimated":true,"attributes":{"d":"M454.99999794921877 342.55699850463867C466.46539794921875 350.05999850463866 479.9473979492187 354.5709985046387 494.51339794921876 354.5709985046387C535.4793979492188 354.5709985046387 568.6743979492187 320.2319985046387 568.6743979492187 277.85229850463867V233.99999850463865L454.99999794921877 342.55699850463867Z ","fill":"#48377d","data-tool":"true","type-tool":"path"},"origin":{"x":511.8371887207031,"y":294.2854919433594,"svgRect":{"x":406,"y":135,"width":1100,"height":644,"top":135,"right":1506,"bottom":779,"left":406}}},{"isAnimated":false,"attributes":{"d":"M580.0000045166016 252.43947962646484C580.0000045166016 273.62917962646486 596.5970045166016 290.79817962646484 617.0800045166015 290.79817962646484C625.2080045166016 290.79817962646484 632.6690045166015 288.02117962646486 638.7800045166016 283.4341796264648C638.9730045166016 280.77917962646484 639.3290045166016 278.17117962646483 639.3290045166016 275.4551796264648C639.3290045166016 253.75897962646485 633.0100045166016 232.21647962646483 622.2570045166016 214.11087962646485C620.5660045166015 213.88077962646486 618.8310045166015 214.08017962646483 617.0800045166015 214.08017962646483C596.5970045166016 214.08017962646483 580.0000045166016 231.24977962646483 580.0000045166016 252.43947962646484Z ","fill":"#48377d","data-tool":"true","type-tool":"path"},"origin":{"x":609.6644897460938,"y":252.3990936279297,"svgRect":{"x":406,"y":135,"width":1100,"height":644,"top":135,"right":1506,"bottom":779,"left":406}}}],"duration":1}